node_id,x,y
0,37.454011884736246,95.07143064099162
1,73.1993941811405,59.86584841970366
2,15.601864044243651,15.599452033620265
3,5.8083612168199465,86.61761457749351
4,60.11150117432088,70.80725777960456
5,2.0584494295802447,96.99098521619943
6,83.24426408004217,21.233911067827616
7,18.182496720710063,18.34045098534338
8,30.42422429595377,52.475643163223786
9,43.194501864211574,29.122914019804192
